topic,question,answer
Holmes story appearances,What stories does Sherlock Holmes appear in?,"A Scandal In Bohemia [1], Silver Blaze [2], The Adventure Of The Dancing Men [3], The Adventure Of The Speckled Band [4], The Final Problem [5], and The Red-Headed League [6]."
Holmes story appearances,In which stories does Holmes feature?,"Holmes features in ""A Scandal In Bohemia"" [1], ""The Adventure Of The Speckled Band"" [2], ""The Red-Headed League"" [3], ""Silver Blaze"" [4], ""The Final Problem"" [5], and ""The Adventure Of The Dancing Men"" [6]."
Holmes story appearances,¿En qué relatos aparece Sherlock Holmes?,"A Scandal In Bohemia [1], Silver Blaze [2], The Adventure Of The Dancing Men [3], The Adventure Of The Speckled Band [4], The Final Problem [5], The Red-Headed League [6]."
Stories per collection,How many stories are there per collection?,"The Adventures of Sherlock Holmes has 3 stories [1], The Memoirs of Sherlock Holmes has 2 stories [2], and The Return of Sherlock Holmes has 1 story [3]."
Stories per collection,How many stories does each collection contain?,"The Adventures of Sherlock Holmes contains 3 stories [1], The Memoirs of Sherlock Holmes contains 2 stories [2], and The Return of Sherlock Holmes contains 1 story [3]."
Stories per collection,¿Cuántos relatos hay por colección?,"Hay 3 relatos en la colección The Adventures of Sherlock Holmes [1], 2 en The Memoirs of Sherlock Holmes [2], y 1 en The Return of Sherlock Holmes [3]."
Holmes' method,How does Holmes solve crimes?,"Holmes believes it is a capital mistake to theorize before one has data, as one might twist facts to suit theories [1]. He detaches the framework of absolute undeniable fact from embellishments, then draws inferences and identifies the special points upon which the mystery turns [4]. He constructs a series of inferences, each dependent upon its predecessor and simple in itself, to reach a conclusion [2, 5]."
Holmes' method,Describe Sherlock Holmes' investigative method.,"Sherlock Holmes' method involves first grasping the essential facts of a case and enumerating them, as stating them to another person clarifies the situation [1]. He considers it a capital mistake to theorize before having data, as this can lead to twisting facts to suit theories [4]. Holmes differentiates between merely seeing and actively observing, focusing on observed facts [5], and builds his conclusions by piling ""fact upon fact"" to establish truth, contrasting with embellishments [7]. He also tests various explanations or hypotheses on the spot [6]."
Holmes' method,¿Qué método utiliza Holmes para resolver sus casos?,"Holmes considera un error capital teorizar antes de tener datos, ya que uno comienza a retorcer los hechos para que se ajusten a las teorías [1]. Se enfoca en obtener los hechos esenciales del caso y en separar el marco de hechos innegables de los adornos de teóricos y reporteros [3, 5]. Luego, construye una serie de inferencias, cada una dependiente de la anterior y simple en sí misma [2, 4]."
